time,damage,slash,heat,electricity,toxin,gas
0,26364,,,,,
0.0166667,,,,,,
0.0333333,,,,,,
0.05,,,,,,
0.0666667,,,,,,
0.0833333,,,,,,
0.1,,,,,,
0.116667,,,,,,
0.133333,,,,,,
0.15,,,,,,
0.166667,,,,,,
0.183333,,,,,,
0.2,,,,,,
0.216667,,,,,,
0.233333,,,,,,
0.25,,,,,,
0.266667,,,,,,
0.283333,,,,,,
0.3,,,,,,
0.316667,,,,,,
0.333333,,,,,,
0.35,,,,,,
0.366667,,,,,,
0.383333,,,,,,
0.4,,,,,,
0.416667,,,,,,
0.433333,,,,,,
0.45,,,,,,
0.466667,,,,,,
0.483333,,,,,,
0.5,,,,,,
0.516667,,,,,,
0.533333,,,,,,
0.55,,,,,,
0.566667,,,,,,
0.583333,,,,,,
0.6,,,,,,
0.616667,,,,,,
0.633333,,,,,,
0.65,,,,,,
0.666667,,,,,,
0.683333,,,,,,
0.7,,,,,,
0.716667,,,,,,
0.733333,,,,,,
0.75,,,,,,
0.766667,,,,,,
0.783333,,,,,,
0.8,,,,,,
0.816667,,,,,,
0.833333,,,,,,
0.85,,,,,,
0.866667,,,,,,
0.883333,,,,,,
0.9,,,,,,
0.916667,,,,,,
0.933333,,,,,,
0.95,,,,,,
0.966667,25777,,,,,
0.983333,,,,,,
1,,,,,,
1.01667,,26148.7,,,,
1.03333,,,,,,
1.05,,,,,,
1.06667,,,,,,
1.08333,,,,,,
1.1,,,,,,
1.11667,,,,,,
1.13333,,,,,,
1.15,,,,,,
1.16667,,,,,,
1.18333,,,,,,
1.2,,,,,,
1.21667,,,,,,
1.23333,,,,,,
1.25,,,,,,
1.26667,,,,,,
1.28333,,,,,,
1.3,,,,,,
1.31667,,,,,,
1.33333,,,,,,
1.35,,,,,,
1.36667,,,,,,
1.38333,,,,,,
1.4,,,,,,
1.41667,,,,,,
1.43333,,,,,,
1.45,,,,,,
1.46667,,,,,,
1.48333,,,,,,
1.5,,,,,,
1.51667,,,,,,
1.53333,,,,,,
1.55,,,,,,
1.56667,,,,,,
1.58333,,,,,,
1.6,,,,,,
1.61667,,,,,,
1.63333,,,,,,
1.65,,,,,,
1.66667,,,,,,
1.68333,,,,,,
1.7,,,,,,
1.71667,,,,,,
1.73333,,,,,,
1.75,,,,,,
1.76667,,,,,,
1.78333,,,,,,
1.8,,,,,,
1.81667,,,,,,
1.83333,,,,,,
1.85,,,,,,
1.86667,,,,,,
1.88333,,,,,,
1.9,,,,,,
1.91667,,,,,,
1.93333,26920.8,,,,,
1.95,,,,,,
1.96667,,,,,,
1.98333,,,,,,
2,,,,,,
2.01667,,,,,,
2.03333,,32522.9,,,,
2.05,,,,,,
2.06667,,,,,,
2.08333,,,,,,
2.1,,,,,,
2.11667,,,,,,
2.13333,,,,,,
2.15,,,,,,
2.16667,,,,,,
2.18333,,,,,,
2.2,,,,,,
2.21667,,,,,,
2.23333,,,,,,
2.25,,,,,,
2.26667,,,,,,
2.28333,,,,,,
2.3,,,,,,
2.31667,,,,,,
2.33333,,,,,,
2.35,,,,,,
2.36667,,,,,,
2.38333,,,,,,
2.4,,,,,,
2.41667,,,,,,
2.43333,,,,,,
2.45,,,,,,
2.46667,,,,,,
2.48333,,,,,,
2.5,,,,,,
2.51667,,,,,,
2.53333,,,,,,
2.55,,,,,,
2.56667,,,,,,
2.58333,,,,,,
2.6,,,,,,
2.61667,,,,,,
2.63333,,,,,,
2.65,,,,,,
2.66667,,,,,,
2.68333,,,,,,
2.7,,,,,,
2.71667,,,,,,
2.73333,,,,,,
2.75,,,,,,
2.76667,,,,,,
2.78333,,,,,,
2.8,,,,,,
2.81667,,,,,,
2.83333,,,,,,
2.85,,,,,,
2.86667,,,,,,
2.88333,28426.8,,,,,
2.9,,,,,,
2.91667,,,,,,
2.93333,,,,,,
2.95,,,,,,
2.96667,,,,,,
2.98333,,,,,,
3,,,,,,
3.01667,,,,,,
3.03333,,,,,,
3.05,,31630.5,,,,
3.06667,,,,,,
3.08333,,,,,,
3.1,,,,,,
3.11667,,,,,,
3.13333,,,,,,
3.15,,,,,,
3.16667,,,,,,
3.18333,,,,,,
3.2,,,,,,
3.21667,,,,,,
3.23333,,,,,,
3.25,,,,,,
3.26667,,,,,,
3.28333,,,,,,
3.3,,,,,,
3.31667,,,,,,
3.33333,,,,,,
3.35,,,,,,
3.36667,,,,,,
3.38333,,,,,,
3.4,,,,,,
3.41667,,,,,,
3.43333,,,,,,
3.45,,,,,,
3.46667,,,,,,
3.48333,,,,,,
3.5,,,,,,
3.51667,,,,,,
3.53333,,,,,,
3.55,,,,,,
3.56667,,,,,,
3.58333,,,,,,
3.6,,,,,,
3.61667,,,,,,
3.63333,,,,,,
3.65,,,,,,
3.66667,,,,,,
3.68333,,,,,,
3.7,,,,,,
3.71667,,,,,,
3.73333,,,,,,
3.75,,,,,,
3.76667,,,,,,
3.78333,,,,,,
3.8,,,,,,
3.81667,,,,,,
3.83333,,,,,,
3.85,25157.6,,,,,
3.86667,,,,,,
3.88333,,,,,,
3.9,,,,,,
3.91667,,,,,,
3.93333,,,,,,
3.95,,,,,,
3.96667,,,,,,
3.98333,,,,,,
4,,,,,,
4.01667,,,,,,
4.03333,,,,,,
4.05,,,,,,
4.06667,,33128.2,,,,
4.08333,,,,,,
4.1,,,,,,
4.11667,,,,,,
4.13333,,,,,,
4.15,,,,,,
4.16667,,,,,,
4.18333,,,,,,
4.2,,,,,,
4.21667,,,,,,
4.23333,,,,,,
4.25,,,,,,
4.26667,,,,,,
4.28333,,,,,,
4.3,,,,,,
4.31667,,,,,,
4.33333,,,,,,
4.35,,,,,,
4.36667,,,,,,
4.38333,,,,,,
4.4,,,,,,
4.41667,,,,,,
4.43333,,,,,,
4.45,,,,,,
4.46667,,,,,,
4.48333,,,,,,
4.5,,,,,,
4.51667,,,,,,
4.53333,,,,,,
4.55,,,,,,
4.56667,,,,,,
4.58333,,,,,,
4.6,,,,,,
4.61667,,,,,,
4.63333,,,,,,
4.65,,,,,,
4.66667,,,,,,
4.68333,,,,,,
4.7,,,,,,
4.71667,,,,,,
4.73333,,,,,,
4.75,,,,,,
4.76667,,,,,,
4.78333,,,,,,
4.8,28426.7,,,,,
4.81667,,,,,,
4.83333,,,,,,
4.85,,,,,,
4.86667,,,,,,
4.88333,,,,,,
4.9,,,,,,
4.91667,,,,,,
4.93333,,,,,,
4.95,,,,,,
4.96667,,,,,,
4.98333,,,,,,
5,,,,,,
5.01667,,,,,,
5.03333,,,,,,
5.05,,,,,,
5.06667,,,,,,
5.08333,,35417.5,,,,
5.1,,,,,,
5.11667,,,,,,
5.13333,,,,,,
5.15,,,,,,
5.16667,,,,,,
5.18333,,,,,,
5.2,,,,,,
5.21667,,,,,,
5.23333,,,,,,
5.25,,,,,,
5.26667,,,,,,
5.28333,,,,,,
5.3,,,,,,
5.31667,,,,,,
5.33333,,,,,,
5.35,,,,,,
5.36667,,,,,,
5.38333,,,,,,
5.4,,,,,,
5.41667,,,,,,
5.43333,,,,,,
5.45,,,,,,
5.46667,,,,,,
5.48333,,,,,,
5.5,,,,,,
5.51667,,,,,,
5.53333,,,,,,
5.55,,,,,,
5.56667,,,,,,
5.58333,,,,,,
5.6,,,,,,
5.61667,,,,,,
5.63333,,,,,,
5.65,,,,,,
5.66667,,,,,,
5.68333,,,,,,
5.7,,,,,,
5.71667,,,,,,
5.73333,,,,,,
5.75,,,,,,
5.76667,29714.6,,,,,
5.78333,,,,,,
5.8,,,,,,
5.81667,,,,,,
5.83333,,,,,,
5.85,,,,,,
5.86667,,,,,,
5.88333,,,,,,
5.9,,,,,,
5.91667,,,,,,
5.93333,,,,,,
5.95,,,,,,
5.96667,,,,,,
5.98333,,,,,,
6,,,,,,
6.01667,,,,,,
6.03333,,,,,,
6.05,,,,,,
6.06667,,,,,,
6.08333,,,,,,
6.1,,36416.1,,,,
6.11667,,,,,,
6.13333,,,,,,
6.15,,,,,,
6.16667,,,,,,
6.18333,,,,,,
6.2,,,,,,
6.21667,,,,,,
6.23333,,,,,,
6.25,,,,,,
6.26667,,,,,,
6.28333,,,,,,
6.3,,,,,,
6.31667,,,,,,
6.33333,,,,,,
6.35,,,,,,
6.36667,,,,,,
6.38333,,,,,,
6.4,,,,,,
6.41667,,,,,,
6.43333,,,,,,
6.45,,,,,,
6.46667,,,,,,
6.48333,,,,,,
6.5,,,,,,
6.51667,,,,,,
6.53333,,,,,,
6.55,,,,,,
6.56667,,,,,,
6.58333,,,,,,
6.6,,,,,,
6.61667,,,,,,
6.63333,,,,,,
6.65,,,,,,
6.66667,,,,,,
6.68333,,,,,,
6.7,,,,,,
6.71667,,,,,,
6.73333,27449.1,,,,,
6.75,,,,,,
6.76667,,,,,,
6.78333,,,,,,
6.8,,,,,,
6.81667,,,,,,
6.83333,,,,,,
6.85,,,,,,
6.86667,,,,,,
6.88333,,,,,,
6.9,,,,,,
6.91667,,,,,,
6.93333,,,,,,
6.95,,,,,,
6.96667,,,,,,
6.98333,,,,,,
7,,,,,,
7.01667,,,,,,
7.03333,,,,,,
7.05,,,,,,
7.06667,,,,,,
7.08333,,,,,,
7.1,,,,,,
7.11667,,37097.8,,,,
7.13333,,,,,,
7.15,,,,,,
7.16667,,,,,,
7.18333,,,,,,
7.2,,,,,,
7.21667,,,,,,
7.23333,,,,,,
7.25,,,,,,
7.26667,,,,,,
7.28333,,,,,,
7.3,,,,,,
7.31667,,,,,,
7.33333,,,,,,
7.35,,,,,,
7.36667,,,,,,
7.38333,,,,,,
7.4,,,,,,
7.41667,,,,,,
7.43333,,,,,,
7.45,,,,,,
7.46667,,,,,,
7.48333,,,,,,
7.5,,,,,,
7.51667,,,,,,
7.53333,,,,,,
7.55,,,,,,
7.56667,,,,,,
7.58333,,,,,,
7.6,,,,,,
7.61667,,,,,,
7.63333,,,,,,
7.65,,,,,,
7.66667,,,,,,
7.68333,27449.1,,,,,
7.7,,,,,,
7.71667,,,,,,
7.73333,,,,,,
7.75,,,,,,
7.76667,,,,,,
7.78333,,,,,,
7.8,,,,,,
7.81667,,,,,,
7.83333,,,,,,
7.85,,,,,,
7.86667,,,,,,
7.88333,,,,,,
7.9,,,,,,
7.91667,,,,,,
7.93333,,,,,,
7.95,,,,,,
7.96667,,,,,,
7.98333,,,,,,
8,,,,,,
8.01667,,,,,,
8.03333,,,,,,
8.05,,,,,,
8.06667,,,,,,
8.08333,,,,,,
8.1,,,,,,
8.11667,,,,,,
8.13333,,40818.7,,,,
8.15,,,,,,
8.16667,,,,,,
8.18333,,,,,,
8.2,,,,,,
8.21667,,,,,,
8.23333,,,,,,
8.25,,,,,,
8.26667,,,,,,
8.28333,,,,,,
8.3,,,,,,
8.31667,,,,,,
8.33333,,,,,,
8.35,,,,,,
8.36667,,,,,,
8.38333,,,,,,
8.4,,,,,,
8.41667,,,,,,
8.43333,,,,,,
8.45,,,,,,
8.46667,,,,,,
8.48333,,,,,,
8.5,,,,,,
8.51667,,,,,,
8.53333,,,,,,
8.55,,,,,,
8.56667,,,,,,
8.58333,,,,,,
8.6,,,,,,
8.61667,,,,,,
8.63333,,,,,,
8.65,27449.1,,,,,
8.66667,,,,,,
8.68333,,,,,,
8.7,,,,,,
8.71667,,,,,,
8.73333,,,,,,
8.75,,,,,,
8.76667,,,,,,
8.78333,,,,,,
8.8,,,,,,
8.81667,,,,,,
8.83333,,,,,,
8.85,,,,,,
8.86667,,,,,,
8.88333,,,,,,
8.9,,,,,,
8.91667,,,,,,
8.93333,,,,,,
8.95,,,,,,
8.96667,,,,,,
8.98333,,,,,,
9,,,,,,
9.01667,,,,,,
9.03333,,,,,,
9.05,,,,,,
9.06667,,,,,,
9.08333,,,,,,
9.1,,,,,,
9.11667,,,,,,
9.13333,,,,,,
9.15,,46626.6,,,,
9.16667,,,,,,
9.18333,,,,,,
9.2,,,,,,
9.21667,,,,,,
9.23333,,,,,,
9.25,,,,,,
9.26667,,,,,,
9.28333,,,,,,
9.3,,,,,,
9.31667,,,,,,
9.33333,,,,,,
9.35,,,,,,
9.36667,,,,,,
9.38333,,,,,,
9.4,,,,,,
9.41667,,,,,,
9.43333,,,,,,
9.45,,,,,,
9.46667,,,,,,
9.48333,,,,,,
9.5,,,,,,
9.51667,,,,,,
9.53333,,,,,,
9.55,,,,,,
9.56667,,,,,,
9.58333,,,,,,
9.6,27950.6,,,,,
9.61667,,,,,,
9.63333,,,,,,
9.65,,,,,,
9.66667,,,,,,
9.68333,,,,,,
9.7,,,,,,
9.71667,,,,,,
9.73333,,,,,,
9.75,,,,,,
9.76667,,,,,,
9.78333,,,,,,
9.8,,,,,,
9.81667,,,,,,
9.83333,,,,,,
9.85,,,,,,
9.86667,,,,,,
9.88333,,,,,,
9.9,,,,,,
9.91667,,,,,,
9.93333,,,,,,
9.95,,,,,,
9.96667,,,,,,
9.98333,,,,,,
10,,,,,,
10.0167,,,,,,
10.0333,,,,,,
10.05,,,,,,
10.0667,,,,,,
10.0833,,,,,,
10.1,,,,,,
10.1167,,,,,,
10.1333,,,,,,
10.15,,,,,,
10.1667,,45598.9,,,,
10.1833,,,,,,
10.2,,,,,,
10.2167,,,,,,
10.2333,,,,,,
10.25,,,,,,
10.2667,,,,,,
10.2833,,,,,,
10.3,,,,,,
10.3167,,,,,,
10.3333,,,,,,
10.35,,,,,,
10.3667,,,,,,
10.3833,,,,,,
10.4,,,,,,
10.4167,,,,,,
10.4333,,,,,,
10.45,,,,,,
10.4667,,,,,,
10.4833,,,,,,
10.5,,,,,,
10.5167,,,,,,
10.5333,,,,,,
10.55,,,,,,
10.5667,26920.8,,,,,
10.5833,,,,,,
10.6,,,,,,
10.6167,,,,,,
10.6333,,,,,,
10.65,,,,,,
10.6667,,,,,,
10.6833,,,,,,
10.7,,,,,,
10.7167,,,,,,
10.7333,,,,,,
10.75,,,,,,
10.7667,,,,,,
10.7833,,,,,,
10.8,,,,,,
10.8167,,,,,,
10.8333,,,,,,
10.85,,,,,,
10.8667,,,,,,
10.8833,,,,,,
10.9,,,,,,
10.9167,,,,,,
10.9333,,,,,,
10.95,,,,,,
10.9667,,,,,,
10.9833,,,,,,
11,,,,,,
11.0167,,,,,,
11.0333,,,,,,
11.05,,,,,,
11.0667,,,,,,
11.0833,,,,,,
11.1,,,,,,
11.1167,,,,,,
11.1333,,,,,,
11.15,,,,,,
11.1667,,,,,,
11.1833,,43849.5,,,,
11.2,,,,,,
11.2167,,,,,,
11.2333,,,,,,
11.25,,,,,,
11.2667,,,,,,
11.2833,,,,,,
11.3,,,,,,
11.3167,,,,,,
11.3333,,,,,,
11.35,,,,,,
11.3667,,,,,,
11.3833,,,,,,
11.4,,,,,,
11.4167,,,,,,
11.4333,,,,,,
11.45,,,,,,
11.4667,,,,,,
11.4833,,,,,,
11.5,,,,,,
11.5167,30100.3,,,,,
11.5333,,,,,,
11.55,,,,,,
11.5667,,,,,,
11.5833,,,,,,
11.6,,,,,,
11.6167,,,,,,
11.6333,,,,,,
11.65,,,,,,
11.6667,,,,,,
11.6833,,,,,,
11.7,,,,,,
11.7167,,,,,,
11.7333,,,,,,
11.75,,,,,,
11.7667,,,,,,
11.7833,,,,,,
11.8,,,,,,
11.8167,,,,,,
11.8333,,,,,,
11.85,,,,,,
11.8667,,,,,,
11.8833,,,,,,
11.9,,,,,,
11.9167,,,,,,
11.9333,,,,,,
11.95,,,,,,
11.9667,,,,,,
11.9833,,,,,,
12,,,,,,
12.0167,,,,,,
12.0333,,,,,,
12.05,,,,,,
12.0667,,,,,,
12.0833,,,,,,
12.1,,,,,,
12.1167,,,,,,
12.1333,,,,,,
12.15,,,,,,
12.1667,,,,,,
12.1833,,,,,,
12.2,,41492.2,,,,
12.2167,,,,,,
12.2333,,,,,,
12.25,,,,,,
12.2667,,,,,,
12.2833,,,,,,
12.3,,,,,,
12.3167,,,,,,
12.3333,,,,,,
12.35,,,,,,
12.3667,,,,,,
12.3833,,,,,,
12.4,,,,,,
12.4167,,,,,,
12.4333,,,,,,
12.45,,,,,,
12.4667,,,,,,
12.4833,26364,,,,,
12.5,,,,,,
12.5167,,,,,,
12.5333,,,,,,
12.55,,,,,,
12.5667,,,,,,
12.5833,,,,,,
12.6,,,,,,
12.6167,,,,,,
12.6333,,,,,,
12.65,,,,,,
12.6667,,,,,,
12.6833,,,,,,
12.7,,,,,,
12.7167,,,,,,
12.7333,,,,,,
12.75,,,,,,
12.7667,,,,,,
12.7833,,,,,,
12.8,,,,,,
12.8167,,,,,,
12.8333,,,,,,
12.85,,,,,,
12.8667,,,,,,
12.8833,,,,,,
12.9,,,,,,
12.9167,,,,,,
12.9333,,,,,,
12.95,,,,,,
12.9667,,,,,,
12.9833,,,,,,
13,,,,,,
13.0167,,,,,,
13.0333,,,,,,
13.05,,,,,,
13.0667,,,,,,
13.0833,,,,,,
13.1,,,,,,
13.1167,,,,,,
13.1333,,,,,,
13.15,,,,,,
13.1667,,,,,,
13.1833,,,,,,
13.2,,,,,,
13.2167,,41409.2,,,,
13.2333,,,,,,
13.25,,,,,,
13.2667,,,,,,
13.2833,,,,,,
13.3,,,,,,
13.3167,,,,,,
13.3333,,,,,,
13.35,,,,,,
13.3667,,,,,,
13.3833,,,,,,
13.4,,,,,,
13.4167,,,,,,
13.4333,,,,,,
13.45,26920.8,,,,,
13.4667,,,,,,
13.4833,,,,,,
13.5,,,,,,
13.5167,,,,,,
13.5333,,,,,,
13.55,,,,,,
13.5667,,,,,,
13.5833,,,,,,
13.6,,,,,,
13.6167,,,,,,
13.6333,,,,,,
13.65,,,,,,
13.6667,,,,,,
13.6833,,,,,,
13.7,,,,,,
13.7167,,,,,,
13.7333,,,,,,
13.75,,,,,,
13.7667,,,,,,
13.7833,,,,,,
13.8,,,,,,
13.8167,,,,,,
13.8333,,,,,,
13.85,,,,,,
13.8667,,,,,,
13.8833,,,,,,
13.9,,,,,,
13.9167,,,,,,
13.9333,,,,,,
13.95,,,,,,
13.9667,,,,,,
13.9833,,,,,,
14,,,,,,
14.0167,,,,,,
14.0333,,,,,,
14.05,,,,,,
14.0667,,,,,,
14.0833,,,,,,
14.1,,,,,,
14.1167,,,,,,
14.1333,,,,,,
14.15,,,,,,
14.1667,,,,,,
14.1833,,,,,,
14.2,,,,,,
14.2167,,,,,,
14.2333,,40966.7,,,,
14.25,,,,,,
14.2667,,,,,,
14.2833,,,,,,
14.3,,,,,,
14.3167,,,,,,
14.3333,,,,,,
14.35,,,,,,
14.3667,,,,,,
14.3833,,,,,,
14.4,27950.6,,,,,
14.4167,,,,,,
14.4333,,,,,,
14.45,,,,,,
14.4667,,,,,,
14.4833,,,,,,
14.5,,,,,,
14.5167,,,,,,
14.5333,,,,,,
14.55,,,,,,
14.5667,,,,,,
14.5833,,,,,,
14.6,,,,,,
14.6167,,,,,,
14.6333,,,,,,
14.65,,,,,,
14.6667,,,,,,
14.6833,,,,,,
14.7,,,,,,
14.7167,,,,,,
14.7333,,,,,,
14.75,,,,,,
14.7667,,,,,,
14.7833,,,,,,
14.8,,,,,,
14.8167,,,,,,
14.8333,,,,,,
14.85,,,,,,
14.8667,,,,,,
14.8833,,,,,,
14.9,,,,,,
14.9167,,,,,,
14.9333,,,,,,
14.95,,,,,,
14.9667,,,,,,
14.9833,,,,,,
15,,,,,,
15.0167,,,,,,
15.0333,,,,,,
15.05,,,,,,
15.0667,,,,,,
15.0833,,,,,,
15.1,,,,,,
15.1167,,,,,,
15.1333,,,,,,
15.15,,,,,,
15.1667,,,,,,
15.1833,,,,,,
15.2,,,,,,
15.2167,,,,,,
15.2333,,,,,,
15.25,,39970.3,,,,
15.2667,,,,,,
15.2833,,,,,,
15.3,,,,,,
15.3167,,,,,,
15.3333,,,,,,
15.35,,,,,,
15.3667,29714.6,,,,,
15.3833,,,,,,
15.4,,,,,,
15.4167,,,,,,
15.4333,,,,,,
15.45,,,,,,
15.4667,,,,,,
15.4833,,,,,,
15.5,,,,,,
15.5167,,,,,,
15.5333,,,,,,
15.55,,,,,,
15.5667,,,,,,
15.5833,,,,,,
15.6,,,,,,
15.6167,,,,,,
15.6333,,,,,,
15.65,,,,,,
15.6667,,,,,,
15.6833,,,,,,
15.7,,,,,,
15.7167,,,,,,
15.7333,,,,,,
15.75,,,,,,
15.7667,,,,,,
15.7833,,,,,,
15.8,,,,,,
15.8167,,,,,,
15.8333,,,,,,
15.85,,,,,,
15.8667,,,,,,
15.8833,,,,,,
15.9,,,,,,
15.9167,,,,,,
15.9333,,,,,,
15.95,,,,,,
15.9667,,,,,,
15.9833,,,,,,
16,,,,,,
16.0167,,,,,,
16.0333,,,,,,
16.05,,,,,,
16.0667,,,,,,
16.0833,,,,,,
16.1,,,,,,
16.1167,,,,,,
16.1333,,,,,,
16.15,,,,,,
16.1667,,,,,,
16.1833,,,,,,
16.2,,,,,,
16.2167,,,,,,
16.2333,,,,,,
16.25,,,,,,
16.2667,,42653.5,,,,
16.2833,,,,,,
16.3,,,,,,
16.3167,29714.5,,,,,
16.3333,,,,,,
16.35,,,,,,
16.3667,,,,,,
16.3833,,,,,,
16.4,,,,,,
16.4167,,,,,,
16.4333,,,,,,
16.45,,,,,,
16.4667,,,,,,
16.4833,,,,,,
16.5,,,,,,
16.5167,,,,,,
16.5333,,,,,,
16.55,,,,,,
16.5667,,,,,,
16.5833,,,,,,
16.6,,,,,,
16.6167,,,,,,
16.6333,,,,,,
16.65,,,,,,
16.6667,,,,,,
16.6833,,,,,,
16.7,,,,,,
16.7167,,,,,,
16.7333,,,,,,
16.75,,,,,,
16.7667,,,,,,
16.7833,,,,,,
16.8,,,,,,
16.8167,,,,,,
16.8333,,,,,,
16.85,,,,,,
16.8667,,,,,,
16.8833,,,,,,
16.9,,,,,,
16.9167,,,,,,
16.9333,,,,,,
16.95,,,,,,
16.9667,,,,,,
16.9833,,,,,,
17,,,,,,
17.0167,,,,,,
17.0333,,,,,,
17.05,,,,,,
17.0667,,,,,,
17.0833,,,,,,
17.1,,,,,,
17.1167,,,,,,
17.1333,,,,,,
17.15,,,,,,
17.1667,,,,,,
17.1833,,,,,,
17.2,,,,,,
17.2167,,,,,,
17.2333,,,,,,
17.25,,,,,,
17.2667,,,,,,
17.2833,25777,46902.7,,,,
17.3,,,,,,
17.3167,,,,,,
17.3333,,,,,,
17.35,,,,,,
17.3667,,,,,,
17.3833,,,,,,
17.4,,,,,,
17.4167,,,,,,
17.4333,,,,,,
17.45,,,,,,
17.4667,,,,,,
17.4833,,,,,,
17.5,,,,,,
17.5167,,,,,,
17.5333,,,,,,
17.55,,,,,,
17.5667,,,,,,
17.5833,,,,,,
17.6,,,,,,
17.6167,,,,,,
17.6333,,,,,,
17.65,,,,,,
17.6667,,,,,,
17.6833,,,,,,
17.7,,,,,,
17.7167,,,,,,
17.7333,,,,,,
17.75,,,,,,
17.7667,,,,,,
17.7833,,,,,,
17.8,,,,,,
17.8167,,,,,,
17.8333,,,,,,
17.85,,,,,,
17.8667,,,,,,
17.8833,,,,,,
17.9,,,,,,
17.9167,,,,,,
17.9333,,,,,,
17.95,,,,,,
17.9667,,,,,,
17.9833,,,,,,
18,,,,,,
18.0167,,,,,,
18.0333,,,,,,
18.05,,,,,,
18.0667,,,,,,
18.0833,,,,,,
18.1,,,,,,
18.1167,,,,,,
18.1333,,,,,,
18.15,,,,,,
18.1667,,,,,,
18.1833,,,,,,
18.2,,,,,,
18.2167,,,,,,
18.2333,,,,,,
18.25,29307.6,,,,,
18.2667,,,,,,
18.2833,,,,,,
18.3,,49309,,,,
18.3167,,,,,,
18.3333,,,,,,
18.35,,,,,,
18.3667,,,,,,
18.3833,,,,,,
18.4,,,,,,
18.4167,,,,,,
18.4333,,,,,,
18.45,,,,,,
18.4667,,,,,,
18.4833,,,,,,
18.5,,,,,,
18.5167,,,,,,
18.5333,,,,,,
18.55,,,,,,
18.5667,,,,,,
18.5833,,,,,,
18.6,,,,,,
18.6167,,,,,,
18.6333,,,,,,
18.65,,,,,,
18.6667,,,,,,
18.6833,,,,,,
18.7,,,,,,
18.7167,,,,,,
18.7333,,,,,,
18.75,,,,,,
18.7667,,,,,,
18.7833,,,,,,
18.8,,,,,,
18.8167,,,,,,
18.8333,,,,,,
18.85,,,,,,
18.8667,,,,,,
18.8833,,,,,,
18.9,,,,,,
18.9167,,,,,,
18.9333,,,,,,
18.95,,,,,,
18.9667,,,,,,
18.9833,,,,,,
19,,,,,,
19.0167,,,,,,
19.0333,,,,,,
19.05,,,,,,
19.0667,,,,,,
19.0833,,,,,,
19.1,,,,,,
19.1167,,,,,,
19.1333,,,,,,
19.15,,,,,,
19.1667,,,,,,
19.1833,,,,,,
19.2,30465.7,,,,,
19.2167,,,,,,
19.2333,,,,,,
19.25,,,,,,
19.2667,,,,,,
19.2833,,,,,,
19.3,,,,,,
19.3167,,50471.5,,,,
19.3333,,,,,,
19.35,,,,,,
19.3667,,,,,,
19.3833,,,,,,
19.4,,,,,,
19.4167,,,,,,
19.4333,,,,,,
19.45,,,,,,
19.4667,,,,,,
19.4833,,,,,,
19.5,,,,,,
19.5167,,,,,,
19.5333,,,,,,
19.55,,,,,,
19.5667,,,,,,
19.5833,,,,,,
19.6,,,,,,
19.6167,,,,,,
19.6333,,,,,,
19.65,,,,,,
19.6667,,,,,,
19.6833,,,,,,
19.7,,,,,,
19.7167,,,,,,
19.7333,,,,,,
19.75,,,,,,
19.7667,,,,,,
19.7833,,,,,,
19.8,,,,,,
19.8167,,,,,,
19.8333,,,,,,
19.85,,,,,,
19.8667,,,,,,
19.8833,,,,,,
19.9,,,,,,
19.9167,,,,,,
19.9333,,,,,,
19.95,,,,,,
19.9667,,,,,,
19.9833,,,,,,
20,,,,,,
20.0167,,,,,,
20.0333,,,,,,
20.05,,,,,,
20.0667,,,,,,
20.0833,,,,,,
20.1,,,,,,
20.1167,,,,,,
20.1333,,,,,,
20.15,,,,,,
20.1667,30100.3,,,,,
20.1833,,,,,,
20.2,,,,,,
20.2167,,,,,,
20.2333,,,,,,
20.25,,,,,,
20.2667,,,,,,
20.2833,,,,,,
20.3,,,,,,
20.3167,,,,,,
20.3333,,52032.1,,,,
20.35,,,,,,
20.3667,,,,,,
20.3833,,,,,,
20.4,,,,,,
20.4167,,,,,,
20.4333,,,,,,
20.45,,,,,,
20.4667,,,,,,
20.4833,,,,,,
20.5,,,,,,
20.5167,,,,,,
20.5333,,,,,,
20.55,,,,,,
20.5667,,,,,,
20.5833,,,,,,
20.6,,,,,,
20.6167,,,,,,
20.6333,,,,,,
20.65,,,,,,
20.6667,,,,,,
20.6833,,,,,,
20.7,,,,,,
20.7167,,,,,,
20.7333,,,,,,
20.75,,,,,,
20.7667,,,,,,
20.7833,,,,,,
20.8,,,,,,
20.8167,,,,,,
20.8333,,,,,,
20.85,,,,,,
20.8667,,,,,,
20.8833,,,,,,
20.9,,,,,,
20.9167,,,,,,
20.9333,,,,,,
20.95,,,,,,
20.9667,,,,,,
20.9833,,,,,,
21,,,,,,
21.0167,,,,,,
21.0333,,,,,,
21.05,,,,,,
21.0667,,,,,,
21.0833,,,,,,
21.1,,,,,,
21.1167,30465.7,,,,,
21.1333,,,,,,
21.15,,,,,,
21.1667,,,,,,
21.1833,,,,,,
21.2,,,,,,
21.2167,,,,,,
21.2333,,,,,,
21.25,,,,,,
21.2667,,,,,,
21.2833,,,,,,
21.3,,,,,,
21.3167,,,,,,
21.3333,,,,,,
21.35,,52730,,,,
21.3667,,,,,,
21.3833,,,,,,
21.4,,,,,,
21.4167,,,,,,
21.4333,,,,,,
21.45,,,,,,
21.4667,,,,,,
21.4833,,,,,,
21.5,,,,,,
21.5167,,,,,,
21.5333,,,,,,
21.55,,,,,,
21.5667,,,,,,
21.5833,,,,,,
21.6,,,,,,
21.6167,,,,,,
21.6333,,,,,,
21.65,,,,,,
21.6667,,,,,,
21.6833,,,,,,
21.7,,,,,,
21.7167,,,,,,
21.7333,,,,,,
21.75,,,,,,
21.7667,,,,,,
21.7833,,,,,,
21.8,,,,,,
21.8167,,,,,,
21.8333,,,,,,
21.85,,,,,,
21.8667,,,,,,
21.8833,,,,,,
21.9,,,,,,
21.9167,,,,,,
21.9333,,,,,,
21.95,,,,,,
21.9667,,,,,,
21.9833,,,,,,
22,,,,,,
22.0167,,,,,,
22.0333,,,,,,
22.05,,,,,,
22.0667,,,,,,
22.0833,26364,,,,,
22.1,,,,,,
22.1167,,,,,,
22.1333,,,,,,
22.15,,,,,,
22.1667,,,,,,
22.1833,,,,,,
22.2,,,,,,
22.2167,,,,,,
22.2333,,,,,,
22.25,,,,,,
22.2667,,,,,,
22.2833,,,,,,
22.3,,,,,,
22.3167,,,,,,
22.3333,,,,,,
22.35,,,,,,
22.3667,,46864.4,,,,
22.3833,,,,,,
22.4,,,,,,
22.4167,,,,,,
22.4333,,,,,,
22.45,,,,,,
22.4667,,,,,,
22.4833,,,,,,
22.5,,,,,,
22.5167,,,,,,
22.5333,,,,,,
22.55,,,,,,
22.5667,,,,,,
22.5833,,,,,,
22.6,,,,,,
22.6167,,,,,,
22.6333,,,,,,
22.65,,,,,,
22.6667,,,,,,
22.6833,,,,,,
22.7,,,,,,
22.7167,,,,,,
22.7333,,,,,,
22.75,,,,,,
22.7667,,,,,,
22.7833,,,,,,
22.8,,,,,,
22.8167,,,,,,
22.8333,,,,,,
22.85,,,,,,
22.8667,,,,,,
22.8833,,,,,,
22.9,,,,,,
22.9167,,,,,,
22.9333,,,,,,
22.95,,,,,,
22.9667,,,,,,
22.9833,,,,,,
23,,,,,,
23.0167,,,,,,
23.0333,25777,,,,,
23.05,,,,,,
23.0667,,,,,,
23.0833,,,,,,
23.1,,,,,,
23.1167,,,,,,
23.1333,,,,,,
23.15,,,,,,
23.1667,,,,,,
23.1833,,,,,,
23.2,,,,,,
23.2167,,,,,,
23.2333,,,,,,
23.25,,,,,,
23.2667,,,,,,
23.2833,,,,,,
23.3,,,,,,
23.3167,,,,,,
23.3333,,,,,,
23.35,,,,,,
23.3667,,,,,,
23.3833,,43461.5,,,,
23.4,,,,,,
23.4167,,,,,,
23.4333,,,,,,
23.45,,,,,,
23.4667,,,,,,
23.4833,,,,,,
23.5,,,,,,
23.5167,,,,,,
23.5333,,,,,,
23.55,,,,,,
23.5667,,,,,,
23.5833,,,,,,
23.6,,,,,,
23.6167,,,,,,
23.6333,,,,,,
23.65,,,,,,
23.6667,,,,,,
23.6833,,,,,,
23.7,,,,,,
23.7167,,,,,,
23.7333,,,,,,
23.75,,,,,,
23.7667,,,,,,
23.7833,,,,,,
23.8,,,,,,
23.8167,,,,,,
23.8333,,,,,,
23.85,,,,,,
23.8667,,,,,,
23.8833,,,,,,
23.9,,,,,,
23.9167,,,,,,
23.9333,,,,,,
23.95,,,,,,
23.9667,,,,,,
23.9833,,,,,,
24,28426.8,,,,,
24.0167,,,,,,
24.0333,,,,,,
24.05,,,,,,
24.0667,,,,,,
24.0833,,,,,,
24.1,,,,,,
24.1167,,,,,,
24.1333,,,,,,
24.15,,,,,,
24.1667,,,,,,
24.1833,,,,,,
24.2,,,,,,
24.2167,,,,,,
24.2333,,,,,,
24.25,,,,,,
24.2667,,,,,,
24.2833,,,,,,
24.3,,,,,,
24.3167,,,,,,
24.3333,,,,,,
24.35,,,,,,
24.3667,,,,,,
24.3833,,,,,,
24.4,,44260.4,,,,
24.4167,,,,,,
24.4333,,,,,,
24.45,,,,,,
24.4667,,,,,,
24.4833,,,,,,
24.5,,,,,,
24.5167,,,,,,
24.5333,,,,,,
24.55,,,,,,
24.5667,,,,,,
24.5833,,,,,,
24.6,,,,,,
24.6167,,,,,,
24.6333,,,,,,
24.65,,,,,,
24.6667,,,,,,
24.6833,,,,,,
24.7,,,,,,
24.7167,,,,,,
24.7333,,,,,,
24.75,,,,,,
24.7667,,,,,,
24.7833,,,,,,
24.8,,,,,,
24.8167,,,,,,
24.8333,,,,,,
24.85,,,,,,
24.8667,,,,,,
24.8833,,,,,,
24.9,,,,,,
24.9167,,,,,,
24.9333,,,,,,
24.95,,,,,,
24.9667,23811.2,,,,,
24.9833,,,,,,
25,,,,,,
25.0167,,,,,,
25.0333,,,,,,
25.05,,,,,,
25.0667,,,,,,
25.0833,,,,,,
25.1,,,,,,
25.1167,,,,,,
25.1333,,,,,,
25.15,,,,,,
25.1667,,,,,,
25.1833,,,,,,
25.2,,,,,,
25.2167,,,,,,
25.2333,,,,,,
25.25,,,,,,
25.2667,,,,,,
25.2833,,,,,,
25.3,,,,,,
25.3167,,,,,,
25.3333,,,,,,
25.35,,,,,,
25.3667,,,,,,
25.3833,,,,,,
25.4,,,,,,
25.4167,,41751.3,,,,
25.4333,,,,,,
25.45,,,,,,
25.4667,,,,,,
25.4833,,,,,,
25.5,,,,,,
25.5167,,,,,,
25.5333,,,,,,
25.55,,,,,,
25.5667,,,,,,
25.5833,,,,,,
25.6,,,,,,
25.6167,,,,,,
25.6333,,,,,,
25.65,,,,,,
25.6667,,,,,,
25.6833,,,,,,
25.7,,,,,,
25.7167,,,,,,
25.7333,,,,,,
25.75,,,,,,
25.7667,,,,,,
25.7833,,,,,,
25.8,,,,,,
25.8167,,,,,,
25.8333,,,,,,
25.85,,,,,,
25.8667,,,,,,
25.8833,,,,,,
25.9,,,,,,
25.9167,26920.8,,,,,
25.9333,,,,,,
25.95,,,,,,
25.9667,,,,,,
25.9833,,,,,,
26,,,,,,
26.0167,,,,,,
26.0333,,,,,,
26.05,,,,,,
26.0667,,,,,,
26.0833,,,,,,
26.1,,,,,,
26.1167,,,,,,
26.1333,,,,,,
26.15,,,,,,
26.1667,,,,,,
26.1833,,,,,,
26.2,,,,,,
26.2167,,,,,,
26.2333,,,,,,
26.25,,,,,,
26.2667,,,,,,
26.2833,,,,,,
26.3,,,,,,
26.3167,,,,,,
26.3333,,,,,,
26.35,,,,,,
26.3667,,,,,,
26.3833,,,,,,
26.4,,,,,,
26.4167,,,,,,
26.4333,,47959.6,,,,
26.45,,,,,,
26.4667,,,,,,
26.4833,,,,,,
26.5,,,,,,
26.5167,,,,,,
26.5333,,,,,,
26.55,,,,,,
26.5667,,,,,,
26.5833,,,,,,
26.6,,,,,,
26.6167,,,,,,
26.6333,,,,,,
26.65,,,,,,
26.6667,,,,,,
26.6833,,,,,,
26.7,,,,,,
26.7167,,,,,,
26.7333,,,,,,
26.75,,,,,,
26.7667,,,,,,
26.7833,,,,,,
26.8,,,,,,
26.8167,,,,,,
26.8333,,,,,,
26.85,,,,,,
26.8667,,,,,,
26.8833,26920.8,,,,,
26.9,,,,,,
26.9167,,,,,,
26.9333,,,,,,
26.95,,,,,,
26.9667,,,,,,
26.9833,,,,,,
27,,,,,,
27.0167,,,,,,
27.0333,,,,,,
27.05,,,,,,
27.0667,,,,,,
27.0833,,,,,,
27.1,,,,,,
27.1167,,,,,,
27.1333,,,,,,
27.15,,,,,,
27.1667,,,,,,
27.1833,,,,,,
27.2,,,,,,
27.2167,,,,,,
27.2333,,,,,,
27.25,,,,,,
27.2667,,,,,,
27.2833,,,,,,
27.3,,,,,,
27.3167,,,,,,
27.3333,,,,,,
27.35,,,,,,
27.3667,,,,,,
27.3833,,,,,,
27.4,,,,,,
27.4167,,,,,,
27.4333,,,,,,
27.45,,46925.6,,,,
27.4667,,,,,,
27.4833,,,,,,
27.5,,,,,,
27.5167,,,,,,
27.5333,,,,,,
27.55,,,,,,
27.5667,,,,,,
27.5833,,,,,,
27.6,,,,,,
27.6167,,,,,,
27.6333,,,,,,
27.65,,,,,,
27.6667,,,,,,
27.6833,,,,,,
27.7,,,,,,
27.7167,,,,,,
27.7333,,,,,,
27.75,,,,,,
27.7667,,,,,,
27.7833,,,,,,
27.8,,,,,,
27.8167,,,,,,
27.8333,27449.1,,,,,
27.85,,,,,,
27.8667,,,,,,
27.8833,,,,,,
27.9,,,,,,
27.9167,,,,,,
27.9333,,,,,,
27.95,,,,,,
27.9667,,,,,,
27.9833,,,,,,
28,,,,,,
28.0167,,,,,,
28.0333,,,,,,
28.05,,,,,,
28.0667,,,,,,
28.0833,,,,,,
28.1,,,,,,
28.1167,,,,,,
28.1333,,,,,,
28.15,,,,,,
28.1667,,,,,,
28.1833,,,,,,
28.2,,,,,,
28.2167,,,,,,
28.2333,,,,,,
28.25,,,,,,
28.2667,,,,,,
28.2833,,,,,,
28.3,,,,,,
28.3167,,,,,,
28.3333,,,,,,
28.35,,,,,,
28.3667,,,,,,
28.3833,,,,,,
28.4,,,,,,
28.4167,,,,,,
28.4333,,,,,,
28.45,,,,,,
28.4667,,48906,,,,
28.4833,,,,,,
28.5,,,,,,
28.5167,,,,,,
28.5333,,,,,,
28.55,,,,,,
28.5667,,,,,,
28.5833,,,,,,
28.6,,,,,,
28.6167,,,,,,
28.6333,,,,,,
28.65,,,,,,
28.6667,,,,,,
28.6833,,,,,,
28.7,,,,,,
28.7167,,,,,,
28.7333,,,,,,
28.75,,,,,,
28.7667,,,,,,
28.7833,,,,,,
28.8,27950.6,,,,,
28.8167,,,,,,
28.8333,,,,,,
28.85,,,,,,
28.8667,,,,,,
28.8833,,,,,,
28.9,,,,,,
28.9167,,,,,,
28.9333,,,,,,
28.95,,,,,,
28.9667,,,,,,
28.9833,,,,,,
29,,,,,,
29.0167,,,,,,
29.0333,,,,,,
29.05,,,,,,
29.0667,,,,,,
29.0833,,,,,,
29.1,,,,,,
29.1167,,,,,,
29.1333,,,,,,
29.15,,,,,,
29.1667,,,,,,
29.1833,,,,,,
29.2,,,,,,
29.2167,,,,,,
29.2333,,,,,,
29.25,,,,,,
29.2667,,,,,,
29.2833,,,,,,
29.3,,,,,,
29.3167,,,,,,
29.3333,,,,,,
29.35,,,,,,
29.3667,,,,,,
29.3833,,,,,,
29.4,,,,,,
29.4167,,,,,,
29.4333,,,,,,
29.45,,,,,,
29.4667,,,,,,
29.4833,,51157.1,,,,
29.5,,,,,,
29.5167,,,,,,
29.5333,,,,,,
29.55,,,,,,
29.5667,,,,,,
29.5833,,,,,,
29.6,,,,,,
29.6167,,,,,,
29.6333,,,,,,
29.65,,,,,,
29.6667,,,,,,
29.6833,,,,,,
29.7,,,,,,
29.7167,,,,,,
29.7333,,,,,,
29.75,25777,,,,,
29.7667,,,,,,
29.7833,,,,,,
29.8,,,,,,
29.8167,,,,,,
29.8333,,,,,,
29.85,,,,,,
29.8667,,,,,,
29.8833,,,,,,
29.9,,,,,,
29.9167,,,,,,
29.9333,,,,,,
29.95,,,,,,
29.9667,,,,,,
29.9833,,,,,,
30,,,,,,
30.0167,,,,,,
30.0333,,,,,,
30.05,,,,,,
30.0667,,,,,,
30.0833,,,,,,
30.1,,,,,,
30.1167,,,,,,
30.1333,,,,,,
30.15,,,,,,
30.1667,,,,,,
30.1833,,,,,,
30.2,,,,,,
30.2167,,,,,,
30.2333,,,,,,
30.25,,,,,,
30.2667,,,,,,
30.2833,,,,,,
30.3,,,,,,
30.3167,,,,,,
30.3333,,,,,,
30.35,,,,,,
30.3667,,,,,,
30.3833,,,,,,
30.4,,,,,,
30.4167,,,,,,
30.4333,,,,,,
30.45,,,,,,
30.4667,,,,,,
30.4833,,,,,,
30.5,,46016.7,,,,
30.5167,,,,,,
30.5333,,,,,,
30.55,,,,,,
30.5667,,,,,,
30.5833,,,,,,
30.6,,,,,,
30.6167,,,,,,
30.6333,,,,,,
30.65,,,,,,
30.6667,,,,,,
30.6833,,,,,,
30.7,,,,,,
30.7167,29307.6,,,,,
30.7333,,,,,,
30.75,,,,,,
30.7667,,,,,,
30.7833,,,,,,
30.8,,,,,,
30.8167,,,,,,
30.8333,,,,,,
30.85,,,,,,
30.8667,,,,,,
30.8833,,,,,,
30.9,,,,,,
30.9167,,,,,,
30.9333,,,,,,
30.95,,,,,,
30.9667,,,,,,
30.9833,,,,,,
31,,,,,,
31.0167,,,,,,
31.0333,,,,,,
31.05,,,,,,
31.0667,,,,,,
31.0833,,,,,,
31.1,,,,,,
31.1167,,,,,,
31.1333,,,,,,
31.15,,,,,,
31.1667,,,,,,
31.1833,,,,,,
31.2,,,,,,
31.2167,,,,,,
31.2333,,,,,,
31.25,,,,,,
31.2667,,,,,,
31.2833,,,,,,
31.3,,,,,,
31.3167,,,,,,
31.3333,,,,,,
31.35,,,,,,
31.3667,,,,,,
31.3833,,,,,,
31.4,,,,,,
31.4167,,,,,,
31.4333,,,,,,
31.45,,,,,,
31.4667,,,,,,
31.4833,,,,,,
31.5,,,,,,
31.5167,,48528.7,,,,
31.5333,,,,,,
31.55,,,,,,
31.5667,,,,,,
31.5833,,,,,,
31.6,,,,,,
31.6167,,,,,,
31.6333,,,,,,
31.65,,,,,,
31.6667,,,,,,
31.6833,25777,,,,,
31.7,,,,,,
31.7167,,,,,,
31.7333,,,,,,
31.75,,,,,,
31.7667,,,,,,
31.7833,,,,,,
31.8,,,,,,
31.8167,,,,,,
31.8333,,,,,,
31.85,,,,,,
31.8667,,,,,,
31.8833,,,,,,
31.9,,,,,,
31.9167,,,,,,
31.9333,,,,,,
31.95,,,,,,
31.9667,,,,,,
31.9833,,,,,,
32,,,,,,
32.0167,,,,,,
32.0333,,,,,,
32.05,,,,,,
32.0667,,,,,,
32.0833,,,,,,
32.1,,,,,,
32.1167,,,,,,
32.1333,,,,,,
32.15,,,,,,
32.1667,,,,,,
32.1833,,,,,,
32.2,,,,,,
32.2167,,,,,,
32.2333,,,,,,
32.25,,,,,,
32.2667,,,,,,
32.2833,,,,,,
32.3,,,,,,
32.3167,,,,,,
32.3333,,,,,,
32.35,,,,,,
32.3667,,,,,,
32.3833,,,,,,
32.4,,,,,,
32.4167,,,,,,
32.4333,,,,,,
32.45,,,,,,
32.4667,,,,,,
32.4833,,,,,,
32.5,,,,,,
32.5167,,,,,,
32.5333,,47855.1,,,,
32.55,,,,,,
32.5667,,,,,,
32.5833,,,,,,
32.6,,,,,,
32.6167,,,,,,
32.6333,26920.8,,,,,
32.65,,,,,,
32.6667,,,,,,
32.6833,,,,,,
32.7,,,,,,
32.7167,,,,,,
32.7333,,,,,,
32.75,,,,,,
32.7667,,,,,,
32.7833,,,,,,
32.8,,,,,,
32.8167,,,,,,
32.8333,,,,,,
32.85,,,,,,
32.8667,,,,,,
32.8833,,,,,,
32.9,,,,,,
32.9167,,,,,,
32.9333,,,,,,
32.95,,,,,,
32.9667,,,,,,
32.9833,,,,,,
33,,,,,,
33.0167,,,,,,
33.0333,,,,,,
33.05,,,,,,
33.0667,,,,,,
33.0833,,,,,,
33.1,,,,,,
33.1167,,,,,,
33.1333,,,,,,
33.15,,,,,,
33.1667,,,,,,
33.1833,,,,,,
33.2,,,,,,
33.2167,,,,,,
33.2333,,,,,,
33.25,,,,,,
33.2667,,,,,,
33.2833,,,,,,
33.3,,,,,,
33.3167,,,,,,
33.3333,,,,,,
33.35,,,,,,
33.3667,,,,,,
33.3833,,,,,,
33.4,,,,,,
33.4167,,,,,,
33.4333,,,,,,
33.45,,,,,,
33.4667,,,,,,
33.4833,,,,,,
33.5,,,,,,
33.5167,,,,,,
33.5333,,,,,,
33.55,,53499.4,,,,
33.5667,,,,,,
33.5833,,,,,,
33.6,28426.8,,,,,
33.6167,,,,,,
33.6333,,,,,,
33.65,,,,,,
33.6667,,,,,,
33.6833,,,,,,
33.7,,,,,,
33.7167,,,,,,
33.7333,,,,,,
33.75,,,,,,
33.7667,,,,,,
33.7833,,,,,,
33.8,,,,,,
33.8167,,,,,,
33.8333,,,,,,
33.85,,,,,,
33.8667,,,,,,
33.8833,,,,,,
33.9,,,,,,
33.9167,,,,,,
33.9333,,,,,,
33.95,,,,,,
33.9667,,,,,,
33.9833,,,,,,
34,,,,,,
34.0167,,,,,,
34.0333,,,,,,
34.05,,,,,,
34.0667,,,,,,
34.0833,,,,,,
34.1,,,,,,
34.1167,,,,,,
34.1333,,,,,,
34.15,,,,,,
34.1667,,,,,,
34.1833,,,,,,
34.2,,,,,,
34.2167,,,,,,
34.2333,,,,,,
34.25,,,,,,
34.2667,,,,,,
34.2833,,,,,,
34.3,,,,,,
34.3167,,,,,,
34.3333,,,,,,
34.35,,,,,,
34.3667,,,,,,
34.3833,,,,,,
34.4,,,,,,
34.4167,,,,,,
34.4333,,,,,,
34.45,,,,,,
34.4667,,,,,,
34.4833,,,,,,
34.5,,,,,,
34.5167,,,,,,
34.5333,,,,,,
34.55,29307.6,,,,,
34.5667,,54066.1,,,,
34.5833,,,,,,
34.6,,,,,,
34.6167,,,,,,
34.6333,,,,,,
34.65,,,,,,
34.6667,,,,,,
34.6833,,,,,,
34.7,,,,,,
34.7167,,,,,,
34.7333,,,,,,
34.75,,,,,,
34.7667,,,,,,
34.7833,,,,,,
34.8,,,,,,
34.8167,,,,,,
34.8333,,,,,,
34.85,,,,,,
34.8667,,,,,,
34.8833,,,,,,
34.9,,,,,,
34.9167,,,,,,
34.9333,,,,,,
34.95,,,,,,
34.9667,,,,,,
34.9833,,,,,,
35,,,,,,
35.0167,,,,,,
35.0333,,,,,,
35.05,,,,,,
35.0667,,,,,,
35.0833,,,,,,
35.1,,,,,,
35.1167,,,,,,
35.1333,,,,,,
35.15,,,,,,
35.1667,,,,,,
35.1833,,,,,,
35.2,,,,,,
35.2167,,,,,,
35.2333,,,,,,
35.25,,,,,,
35.2667,,,,,,
35.2833,,,,,,
35.3,,,,,,
35.3167,,,,,,
35.3333,,,,,,
35.35,,,,,,
35.3667,,,,,,
35.3833,,,,,,
35.4,,,,,,
35.4167,,,,,,
35.4333,,,,,,
35.45,,,,,,
35.4667,,,,,,
35.4833,,,,,,
35.5,,,,,,
35.5167,25157.6,,,,,
35.5333,,,,,,
35.55,,,,,,
35.5667,,,,,,
35.5833,,49810.9,,,,
35.6,,,,,,
35.6167,,,,,,
35.6333,,,,,,
35.65,,,,,,
35.6667,,,,,,
35.6833,,,,,,
35.7,,,,,,
35.7167,,,,,,
35.7333,,,,,,
35.75,,,,,,
35.7667,,,,,,
35.7833,,,,,,
35.8,,,,,,
35.8167,,,,,,
35.8333,,,,,,
35.85,,,,,,
35.8667,,,,,,
35.8833,,,,,,
35.9,,,,,,
35.9167,,,,,,
35.9333,,,,,,
35.95,,,,,,
35.9667,,,,,,
35.9833,,,,,,
36,,,,,,
36.0167,,,,,,
36.0333,,,,,,
36.05,,,,,,
36.0667,,,,,,
36.0833,,,,,,
36.1,,,,,,
36.1167,,,,,,
36.1333,,,,,,
36.15,,,,,,
36.1667,,,,,,
36.1833,,,,,,
36.2,,,,,,
36.2167,,,,,,
36.2333,,,,,,
36.25,,,,,,
36.2667,,,,,,
36.2833,,,,,,
36.3,,,,,,
36.3167,,,,,,
36.3333,,,,,,
36.35,,,,,,
36.3667,,,,,,
36.3833,,,,,,
36.4,,,,,,
36.4167,,,,,,
36.4333,,,,,,
36.45,,,,,,
36.4667,,,,,,
36.4833,27449.1,,,,,
36.5,,,,,,
36.5167,,,,,,
36.5333,,,,,,
36.55,,,,,,
36.5667,,,,,,
36.5833,,,,,,
36.6,,52229,,,,
36.6167,,,,,,
36.6333,,,,,,
36.65,,,,,,
36.6667,,,,,,
36.6833,,,,,,
36.7,,,,,,
36.7167,,,,,,
36.7333,,,,,,
36.75,,,,,,
36.7667,,,,,,
36.7833,,,,,,
36.8,,,,,,
36.8167,,,,,,
36.8333,,,,,,
36.85,,,,,,
36.8667,,,,,,
36.8833,,,,,,
36.9,,,,,,
36.9167,,,,,,
36.9333,,,,,,
36.95,,,,,,
36.9667,,,,,,
36.9833,,,,,,
37,,,,,,
37.0167,,,,,,
37.0333,,,,,,
37.05,,,,,,
37.0667,,,,,,
37.0833,,,,,,
37.1,,,,,,
37.1167,,,,,,
37.1333,,,,,,
37.15,,,,,,
37.1667,,,,,,
37.1833,,,,,,
37.2,,,,,,
37.2167,,,,,,
37.2333,,,,,,
37.25,,,,,,
37.2667,,,,,,
37.2833,,,,,,
37.3,,,,,,
37.3167,,,,,,
37.3333,,,,,,
37.35,,,,,,
37.3667,,,,,,
37.3833,,,,,,
37.4,,,,,,
37.4167,,,,,,
37.4333,29307.6,,,,,
37.45,,,,,,
37.4667,,,,,,
37.4833,,,,,,
37.5,,,,,,
37.5167,,,,,,
37.5333,,,,,,
37.55,,,,,,
37.5667,,,,,,
37.5833,,,,,,
37.6,,,,,,
37.6167,,46074.3,,,,
37.6333,,,,,,
37.65,,,,,,
37.6667,,,,,,
37.6833,,,,,,
37.7,,,,,,
37.7167,,,,,,
37.7333,,,,,,
37.75,,,,,,
37.7667,,,,,,
37.7833,,,,,,
37.8,,,,,,
37.8167,,,,,,
37.8333,,,,,,
37.85,,,,,,
37.8667,,,,,,
37.8833,,,,,,
37.9,,,,,,
37.9167,,,,,,
37.9333,,,,,,
37.95,,,,,,
37.9667,,,,,,
37.9833,,,,,,
38,,,,,,
38.0167,,,,,,
38.0333,,,,,,
38.05,,,,,,
38.0667,,,,,,
38.0833,,,,,,
38.1,,,,,,
38.1167,,,,,,
38.1333,,,,,,
38.15,,,,,,
38.1667,,,,,,
38.1833,,,,,,
38.2,,,,,,
38.2167,,,,,,
38.2333,,,,,,
38.25,,,,,,
38.2667,,,,,,
38.2833,,,,,,
38.3,,,,,,
38.3167,,,,,,
38.3333,,,,,,
38.35,,,,,,
38.3667,,,,,,
38.3833,,,,,,
38.4,27449.1,,,,,
38.4167,,,,,,
38.4333,,,,,,
38.45,,,,,,
38.4667,,,,,,
38.4833,,,,,,
38.5,,,,,,
38.5167,,,,,,
38.5333,,,,,,
38.55,,,,,,
38.5667,,,,,,
38.5833,,,,,,
38.6,,,,,,
38.6167,,,,,,
38.6333,,46173.5,,,,
38.65,,,,,,
38.6667,,,,,,
38.6833,,,,,,
38.7,,,,,,
38.7167,,,,,,
38.7333,,,,,,
38.75,,,,,,
38.7667,,,,,,
38.7833,,,,,,
38.8,,,,,,
38.8167,,,,,,
38.8333,,,,,,
38.85,,,,,,
38.8667,,,,,,
38.8833,,,,,,
38.9,,,,,,
38.9167,,,,,,
38.9333,,,,,,
38.95,,,,,,
38.9667,,,,,,
38.9833,,,,,,
39,,,,,,
39.0167,,,,,,
39.0333,,,,,,
39.05,,,,,,
39.0667,,,,,,
39.0833,,,,,,
39.1,,,,,,
39.1167,,,,,,
39.1333,,,,,,
39.15,,,,,,
39.1667,,,,,,
39.1833,,,,,,
39.2,,,,,,
39.2167,,,,,,
39.2333,,,,,,
39.25,,,,,,
39.2667,,,,,,
39.2833,,,,,,
39.3,,,,,,
39.3167,,,,,,
39.3333,,,,,,
39.35,24503.3,,,,,
39.3667,,,,,,
39.3833,,,,,,
39.4,,,,,,
39.4167,,,,,,
39.4333,,,,,,
39.45,,,,,,
39.4667,,,,,,
39.4833,,,,,,
39.5,,,,,,
39.5167,,,,,,
39.5333,,,,,,
39.55,,,,,,
39.5667,,,,,,
39.5833,,,,,,
39.6,,,,,,
39.6167,,,,,,
39.6333,,,,,,
39.65,,43302.7,,,,
39.6667,,,,,,
39.6833,,,,,,
39.7,,,,,,
39.7167,,,,,,
39.7333,,,,,,
39.75,,,,,,
39.7667,,,,,,
39.7833,,,,,,
39.8,,,,,,
39.8167,,,,,,
39.8333,,,,,,
39.85,,,,,,
39.8667,,,,,,
39.8833,,,,,,
39.9,,,,,,
39.9167,,,,,,
39.9333,,,,,,
39.95,,,,,,
39.9667,,,,,,
39.9833,,,,,,
40,,,,,,
40.0167,,,,,,
40.0333,,,,,,
40.05,,,,,,
40.0667,,,,,,
40.0833,,,,,,
40.1,,,,,,
40.1167,,,,,,
40.1333,,,,,,
40.15,,,,,,
40.1667,,,,,,
40.1833,,,,,,
40.2,,,,,,
40.2167,,,,,,
40.2333,,,,,,
40.25,,,,,,
40.2667,,,,,,
40.2833,,,,,,
40.3,,,,,,
40.3167,25157.6,,,,,
40.3333,,,,,,
40.35,,,,,,
40.3667,,,,,,
40.3833,,,,,,
40.4,,,,,,
40.4167,,,,,,
40.4333,,,,,,
40.45,,,,,,
40.4667,,,,,,
40.4833,,,,,,
40.5,,,,,,
40.5167,,,,,,
40.5333,,,,,,
40.55,,,,,,
40.5667,,,,,,
40.5833,,,,,,
40.6,,,,,,
40.6167,,,,,,
40.6333,,,,,,
40.65,,,,,,
40.6667,,44532.4,,,,
40.6833,,,,,,
40.7,,,,,,
40.7167,,,,,,
40.7333,,,,,,
40.75,,,,,,
40.7667,,,,,,
40.7833,,,,,,
40.8,,,,,,
40.8167,,,,,,
40.8333,,,,,,
40.85,,,,,,
40.8667,,,,,,
40.8833,,,,,,
40.9,,,,,,
40.9167,,,,,,
40.9333,,,,,,
40.95,,,,,,
40.9667,,,,,,
40.9833,,,,,,
41,,,,,,
41.0167,,,,,,
41.0333,,,,,,
41.05,,,,,,
41.0667,,,,,,
41.0833,,,,,,
41.1,,,,,,
41.1167,,,,,,
41.1333,,,,,,
41.15,,,,,,
41.1667,,,,,,
41.1833,,,,,,
41.2,,,,,,
41.2167,,,,,,
41.2333,,,,,,
41.25,,,,,,
41.2667,28878.7,,,,,
41.2833,,,,,,
41.3,,,,,,
41.3167,,,,,,
41.3333,,,,,,
41.35,,,,,,
41.3667,,,,,,
41.3833,,,,,,
41.4,,,,,,
41.4167,,,,,,
41.4333,,,,,,
41.45,,,,,,
41.4667,,,,,,
41.4833,,,,,,
41.5,,,,,,
41.5167,,,,,,
41.5333,,,,,,
41.55,,,,,,
41.5667,,,,,,
41.5833,,,,,,
41.6,,,,,,
41.6167,,,,,,
41.6333,,,,,,
41.65,,,,,,
41.6667,,,,,,
41.6833,,44293.6,,,,
41.7,,,,,,
41.7167,,,,,,
41.7333,,,,,,
41.75,,,,,,
41.7667,,,,,,
41.7833,,,,,,
41.8,,,,,,
41.8167,,,,,,
41.8333,,,,,,
41.85,,,,,,
41.8667,,,,,,
41.8833,,,,,,
41.9,,,,,,
41.9167,,,,,,
41.9333,,,,,,
41.95,,,,,,
41.9667,,,,,,
41.9833,,,,,,
42,,,,,,
42.0167,,,,,,
42.0333,,,,,,
42.05,,,,,,
42.0667,,,,,,
42.0833,,,,,,
42.1,,,,,,
42.1167,,,,,,
42.1333,,,,,,
42.15,,,,,,
42.1667,,,,,,
42.1833,,,,,,
42.2,,,,,,
42.2167,,,,,,
42.2333,28878.7,,,,,
42.25,,,,,,
42.2667,,,,,,
42.2833,,,,,,
42.3,,,,,,
42.3167,,,,,,
42.3333,,,,,,
42.35,,,,,,
42.3667,,,,,,
42.3833,,,,,,
42.4,,,,,,
42.4167,,,,,,
42.4333,,,,,,
42.45,,,,,,
42.4667,,,,,,
42.4833,,,,,,
42.5,,,,,,
42.5167,,,,,,
42.5333,,,,,,
42.55,,,,,,
42.5667,,,,,,
42.5833,,,,,,
42.6,,,,,,
42.6167,,,,,,
42.6333,,,,,,
42.65,,,,,,
42.6667,,,,,,
42.6833,,,,,,
42.7,,41305.4,,,,
42.7167,,,,,,
42.7333,,,,,,
42.75,,,,,,
42.7667,,,,,,
42.7833,,,,,,
42.8,,,,,,
42.8167,,,,,,
42.8333,,,,,,
42.85,,,,,,
42.8667,,,,,,
42.8833,,,,,,
42.9,,,,,,
42.9167,,,,,,
42.9333,,,,,,
42.95,,,,,,
42.9667,,,,,,
42.9833,,,,,,
43,,,,,,
43.0167,,,,,,
43.0333,,,,,,
43.05,,,,,,
43.0667,,,,,,
43.0833,,,,,,
43.1,,,,,,
43.1167,,,,,,
43.1333,,,,,,
43.15,,,,,,
43.1667,,,,,,
43.1833,,,,,,
43.2,25777,,,,,
43.2167,,,,,,
43.2333,,,,,,
43.25,,,,,,
43.2667,,,,,,
43.2833,,,,,,
43.3,,,,,,
43.3167,,,,,,
43.3333,,,,,,
43.35,,,,,,
43.3667,,,,,,
43.3833,,,,,,
43.4,,,,,,
43.4167,,,,,,
43.4333,,,,,,
43.45,,,,,,
43.4667,,,,,,
43.4833,,,,,,
43.5,,,,,,
43.5167,,,,,,
43.5333,,,,,,
43.55,,,,,,
43.5667,,,,,,
43.5833,,,,,,
43.6,,,,,,
43.6167,,,,,,
43.6333,,,,,,
43.65,,,,,,
43.6667,,,,,,
43.6833,,,,,,
43.7,,,,,,
43.7167,,41269.8,,,,
43.7333,,,,,,
43.75,,,,,,
43.7667,,,,,,
43.7833,,,,,,
43.8,,,,,,
43.8167,,,,,,
43.8333,,,,,,
43.85,,,,,,
43.8667,,,,,,
43.8833,,,,,,
43.9,,,,,,
43.9167,,,,,,
43.9333,,,,,,
43.95,,,,,,
43.9667,,,,,,
43.9833,,,,,,
44,,,,,,
44.0167,,,,,,
44.0333,,,,,,
44.05,,,,,,
44.0667,,,,,,
44.0833,,,,,,
44.1,,,,,,
44.1167,,,,,,
44.1333,,,,,,
44.15,25157.5,,,,,
44.1667,,,,,,
44.1833,,,,,,
44.2,,,,,,
44.2167,,,,,,
44.2333,,,,,,
44.25,,,,,,
44.2667,,,,,,
44.2833,,,,,,
44.3,,,,,,
44.3167,,,,,,
44.3333,,,,,,
44.35,,,,,,
44.3667,,,,,,
44.3833,,,,,,
44.4,,,,,,
44.4167,,,,,,
44.4333,,,,,,
44.45,,,,,,
44.4667,,,,,,
44.4833,,,,,,
44.5,,,,,,
44.5167,,,,,,
44.5333,,,,,,
44.55,,,,,,
44.5667,,,,,,
44.5833,,,,,,
44.6,,,,,,
44.6167,,,,,,
44.6333,,,,,,
44.65,,,,,,
44.6667,,,,,,
44.6833,,,,,,
44.7,,,,,,
44.7167,,,,,,
44.7333,,44437,,,,
44.75,,,,,,
44.7667,,,,,,
44.7833,,,,,,
44.8,,,,,,
44.8167,,,,,,
44.8333,,,,,,
44.85,,,,,,
44.8667,,,,,,
44.8833,,,,,,
44.9,,,,,,
44.9167,,,,,,
44.9333,,,,,,
44.95,,,,,,
44.9667,,,,,,
44.9833,,,,,,
45,,,,,,
45.0167,,,,,,
45.0333,,,,,,
45.05,,,,,,
45.0667,,,,,,
45.0833,,,,,,
45.1,,,,,,
45.1167,26364,,,,,
45.1333,,,,,,
45.15,,,,,,
45.1667,,,,,,
45.1833,,,,,,
45.2,,,,,,
45.2167,,,,,,
45.2333,,,,,,
45.25,,,,,,
45.2667,,,,,,
45.2833,,,,,,
45.3,,,,,,
45.3167,,,,,,
45.3333,,,,,,
45.35,,,,,,
45.3667,,,,,,
45.3833,,,,,,
45.4,,,,,,
45.4167,,,,,,
45.4333,,,,,,
45.45,,,,,,
45.4667,,,,,,
45.4833,,,,,,
45.5,,,,,,
45.5167,,,,,,
45.5333,,,,,,
45.55,,,,,,
45.5667,,,,,,
45.5833,,,,,,
45.6,,,,,,
45.6167,,,,,,
45.6333,,,,,,
45.65,,,,,,
45.6667,,,,,,
45.6833,,,,,,
45.7,,,,,,
45.7167,,,,,,
45.7333,,,,,,
45.75,,46455.4,,,,
45.7667,,,,,,
45.7833,,,,,,
45.8,,,,,,
45.8167,,,,,,
45.8333,,,,,,
45.85,,,,,,
45.8667,,,,,,
45.8833,,,,,,
45.9,,,,,,
45.9167,,,,,,
45.9333,,,,,,
45.95,,,,,,
45.9667,,,,,,
45.9833,,,,,,
46,,,,,,
46.0167,,,,,,
46.0333,,,,,,
46.05,,,,,,
46.0667,25157.5,,,,,
46.0833,,,,,,
46.1,,,,,,
46.1167,,,,,,
46.1333,,,,,,
46.15,,,,,,
46.1667,,,,,,
46.1833,,,,,,
46.2,,,,,,
46.2167,,,,,,
46.2333,,,,,,
46.25,,,,,,
46.2667,,,,,,
46.2833,,,,,,
46.3,,,,,,
46.3167,,,,,,
46.3333,,,,,,
46.35,,,,,,
46.3667,,,,,,
46.3833,,,,,,
46.4,,,,,,
46.4167,,,,,,
46.4333,,,,,,
46.45,,,,,,
46.4667,,,,,,
46.4833,,,,,,
46.5,,,,,,
46.5167,,,,,,
46.5333,,,,,,
46.55,,,,,,
46.5667,,,,,,
46.5833,,,,,,
46.6,,,,,,
46.6167,,,,,,
46.6333,,,,,,
46.65,,,,,,
46.6667,,,,,,
46.6833,,,,,,
46.7,,,,,,
46.7167,,,,,,
46.7333,,,,,,
46.75,,,,,,
46.7667,,44492.9,,,,
46.7833,,,,,,
46.8,,,,,,
46.8167,,,,,,
46.8333,,,,,,
46.85,,,,,,
46.8667,,,,,,
46.8833,,,,,,
46.9,,,,,,
46.9167,,,,,,
46.9333,,,,,,
46.95,,,,,,
46.9667,,,,,,
46.9833,,,,,,
47,,,,,,
47.0167,,,,,,
47.0333,29307.7,,,,,
47.05,,,,,,
47.0667,,,,,,
47.0833,,,,,,
47.1,,,,,,
47.1167,,,,,,
47.1333,,,,,,
47.15,,,,,,
47.1667,,,,,,
47.1833,,,,,,
47.2,,,,,,
47.2167,,,,,,
47.2333,,,,,,
47.25,,,,,,
47.2667,,,,,,
47.2833,,,,,,
47.3,,,,,,
47.3167,,,,,,
47.3333,,,,,,
47.35,,,,,,
47.3667,,,,,,
47.3833,,,,,,
47.4,,,,,,
47.4167,,,,,,
47.4333,,,,,,
47.45,,,,,,
47.4667,,,,,,
47.4833,,,,,,
47.5,,,,,,
47.5167,,,,,,
47.5333,,,,,,
47.55,,,,,,
47.5667,,,,,,
47.5833,,,,,,
47.6,,,,,,
47.6167,,,,,,
47.6333,,,,,,
47.65,,,,,,
47.6667,,,,,,
47.6833,,,,,,
47.7,,,,,,
47.7167,,,,,,
47.7333,,,,,,
47.75,,,,,,
47.7667,,,,,,
47.7833,,42335.7,,,,
47.8,,,,,,
47.8167,,,,,,
47.8333,,,,,,
47.85,,,,,,
47.8667,,,,,,
47.8833,,,,,,
47.9,,,,,,
47.9167,,,,,,
47.9333,,,,,,
47.95,,,,,,
47.9667,,,,,,
47.9833,22299.8,,,,,
48,,,,,,
48.0167,,,,,,
48.0333,,,,,,
48.05,,,,,,
48.0667,,,,,,
48.0833,,,,,,
48.1,,,,,,
48.1167,,,,,,
48.1333,,,,,,
48.15,,,,,,
48.1667,,,,,,
48.1833,,,,,,
48.2,,,,,,
48.2167,,,,,,
48.2333,,,,,,
48.25,,,,,,
48.2667,,,,,,
48.2833,,,,,,
48.3,,,,,,
48.3167,,,,,,
48.3333,,,,,,
48.35,,,,,,
48.3667,,,,,,
48.3833,,,,,,
48.4,,,,,,
48.4167,,,,,,
48.4333,,,,,,
48.45,,,,,,
48.4667,,,,,,
48.4833,,,,,,
48.5,,,,,,
48.5167,,,,,,
48.5333,,,,,,
48.55,,,,,,
48.5667,,,,,,
48.5833,,,,,,
48.6,,,,,,
48.6167,,,,,,
48.6333,,,,,,
48.65,,,,,,
48.6667,,,,,,
48.6833,,,,,,
48.7,,,,,,
48.7167,,,,,,
48.7333,,,,,,
48.75,,,,,,
48.7667,,,,,,
48.7833,,,,,,
48.8,,41489.1,,,,
48.8167,,,,,,
48.8333,,,,,,
48.85,,,,,,
48.8667,,,,,,
48.8833,,,,,,
48.9,,,,,,
48.9167,,,,,,
48.9333,,,,,,
48.95,30465.7,,,,,
48.9667,,,,,,
48.9833,,,,,,
49,,,,,,
49.0167,,,,,,
49.0333,,,,,,
49.05,,,,,,
49.0667,,,,,,
49.0833,,,,,,
49.1,,,,,,
49.1167,,,,,,
49.1333,,,,,,
49.15,,,,,,
49.1667,,,,,,
49.1833,,,,,,
49.2,,,,,,
49.2167,,,,,,
49.2333,,,,,,
49.25,,,,,,
49.2667,,,,,,
49.2833,,,,,,
49.3,,,,,,
49.3167,,,,,,
49.3333,,,,,,
49.35,,,,,,
49.3667,,,,,,
49.3833,,,,,,
49.4,,,,,,
49.4167,,,,,,
49.4333,,,,,,
49.45,,,,,,
49.4667,,,,,,
49.4833,,,,,,
49.5,,,,,,
49.5167,,,,,,
49.5333,,,,,,
49.55,,,,,,
49.5667,,,,,,
49.5833,,,,,,
49.6,,,,,,
49.6167,,,,,,
49.6333,,,,,,
49.65,,,,,,
49.6667,,,,,,
49.6833,,,,,,
49.7,,,,,,
49.7167,,,,,,
49.7333,,,,,,
49.75,,,,,,
49.7667,,,,,,
49.7833,,,,,,
49.8,,,,,,
49.8167,,38544.5,,,,
49.8333,,,,,,
49.85,,,,,,
49.8667,,,,,,
49.8833,,,,,,
49.9,,,,,,
49.9167,30100.3,,,,,
49.9333,,,,,,
49.95,,,,,,
49.9667,,,,,,
49.9833,,,,,,
50,,,,,,
50.0167,,,,,,
50.0333,,,,,,
50.05,,,,,,
50.0667,,,,,,
50.0833,,,,,,
50.1,,,,,,
50.1167,,,,,,
50.1333,,,,,,
50.15,,,,,,
50.1667,,,,,,
50.1833,,,,,,
50.2,,,,,,
50.2167,,,,,,
50.2333,,,,,,
50.25,,,,,,
50.2667,,,,,,
50.2833,,,,,,
50.3,,,,,,
50.3167,,,,,,
50.3333,,,,,,
50.35,,,,,,
50.3667,,,,,,
50.3833,,,,,,
50.4,,,,,,
50.4167,,,,,,
50.4333,,,,,,
50.45,,,,,,
50.4667,,,,,,
50.4833,,,,,,
50.5,,,,,,
50.5167,,,,,,
50.5333,,,,,,
50.55,,,,,,
50.5667,,,,,,
50.5833,,,,,,
50.6,,,,,,
50.6167,,,,,,
50.6333,,,,,,
50.65,,,,,,
50.6667,,,,,,
50.6833,,,,,,
50.7,,,,,,
50.7167,,,,,,
50.7333,,,,,,
50.75,,,,,,
50.7667,,,,,,
50.7833,,,,,,
50.8,,,,,,
50.8167,,,,,,
50.8333,,36660,,,,
50.85,,,,,,
50.8667,24503.2,,,,,
50.8833,,,,,,
50.9,,,,,,
50.9167,,,,,,
50.9333,,,,,,
50.95,,,,,,
50.9667,,,,,,
50.9833,,,,,,
51,,,,,,
51.0167,,,,,,
51.0333,,,,,,
51.05,,,,,,
51.0667,,,,,,
51.0833,,,,,,
51.1,,,,,,
51.1167,,,,,,
51.1333,,,,,,
51.15,,,,,,
51.1667,,,,,,
51.1833,,,,,,
51.2,,,,,,
51.2167,,,,,,
51.2333,,,,,,
51.25,,,,,,
51.2667,,,,,,
51.2833,,,,,,
51.3,,,,,,
51.3167,,,,,,
51.3333,,,,,,
51.35,,,,,,
51.3667,,,,,,
51.3833,,,,,,
51.4,,,,,,
51.4167,,,,,,
51.4333,,,,,,
51.45,,,,,,
51.4667,,,,,,
51.4833,,,,,,
51.5,,,,,,
51.5167,,,,,,
51.5333,,,,,,
51.55,,,,,,
51.5667,,,,,,
51.5833,,,,,,
51.6,,,,,,
51.6167,,,,,,
51.6333,,,,,,
51.65,,,,,,
51.6667,,,,,,
51.6833,,,,,,
51.7,,,,,,
51.7167,,,,,,
51.7333,,,,,,
51.75,,,,,,
51.7667,,,,,,
51.7833,,,,,,
51.8,,,,,,
51.8167,,,,,,
51.8333,30100.3,,,,,
51.85,,45041.6,,,,
51.8667,,,,,,
51.8833,,,,,,
51.9,,,,,,
51.9167,,,,,,
51.9333,,,,,,
51.95,,,,,,
51.9667,,,,,,
51.9833,,,,,,
52,,,,,,
52.0167,,,,,,
52.0333,,,,,,
52.05,,,,,,
52.0667,,,,,,
52.0833,,,,,,
52.1,,,,,,
52.1167,,,,,,
52.1333,,,,,,
52.15,,,,,,
52.1667,,,,,,
52.1833,,,,,,
52.2,,,,,,
52.2167,,,,,,
52.2333,,,,,,
52.25,,,,,,
52.2667,,,,,,
52.2833,,,,,,
52.3,,,,,,
52.3167,,,,,,
52.3333,,,,,,
52.35,,,,,,
52.3667,,,,,,
52.3833,,,,,,
52.4,,,,,,
52.4167,,,,,,
52.4333,,,,,,
52.45,,,,,,
52.4667,,,,,,
52.4833,,,,,,
52.5,,,,,,
